,accuracy,precision,recall,f1,auc
Image-only,0.42424242424242425,0.42424242424242425,1,0.5957446808510638,0.5
Clinical-only,0.9090909090909091,0.8666666666666667,0.9285714285714286,0.896551724,0.8984962406015037
Image + Clinical,0.8787878787878788,0.8571428571428571,0.8571428571428571,0.8571428571428571,0.9172932330827067
Full Fusion (AnemiaFusionNet),0.8787878787878788,0.8125,0.9285714285714286,0.8666666666666667,0.9398496240601505
